Address,Title 1,Title 1 Length
https://www.miomio.com.ua/ru/brand/fabi,Fabi — купить онлайн | MioMio,29
https://www.miomio.com.ua/ru/info/payment-returns,Оплата и возврат | MioMio,25
https://www.miomio.com.ua/ru/info/contacts,Контакты | MioMio,17
https://www.miomio.com.ua/ru/info/delivery,Доставка | MioMio,17
https://www.miomio.com.ua/ru/brand/ea7-emporio-armani,ea7 — купить онлайн | MioMio,28
https://www.miomio.com.ua/ru/brand/agl,AGL — купить онлайн | MioMio,28
https://www.miomio.com.ua/ru/info/public-offer-agreement,Публичная оферта | MioMio,25
https://www.miomio.com.ua/ru/brands,Бренды | Mio Mio,16
https://www.miomio.com.ua/ru/info/woman,woman | MioMio,14
https://www.miomio.com.ua/ru/brand/ash,ASH — купить онлайн | MioMio,28
https://www.miomio.com.ua/uk/info/public-offer-agreement,Публічна оферта | MioMio,24
https://www.miomio.com.ua/uk/brand/agl,AGL — купити онлайн | MioMio,28
https://www.miomio.com.ua/uk/info/payment-returns,Оплата і повернення | MioMio,28
https://www.miomio.com.ua/uk/info/contacts,Контакти | MioMio,17
https://www.miomio.com.ua/ru/brand/repo,Repo — купить онлайн | MioMio,29
https://www.miomio.com.ua/ru/brand/mou,MOU — купить онлайн | MioMio,28
https://www.miomio.com.ua/uk/brand/ea7-emporio-armani,EA7 — купити онлайн | MioMio,28
https://www.miomio.com.ua/ru/brand/l4k3,L4K3 — купить онлайн | MioMio,29
https://www.miomio.com.ua/uk/brand/fabi,Fabi — купити онлайн | MioMio,29
https://www.miomio.com.ua/uk/info/delivery,Доставка | MioMio,17
https://www.miomio.com.ua/uk/brand/add,ADD — купити онлайн | MioMio,28
https://www.miomio.com.ua/uk/brand/repo,Repo — купити онлайн | MioMio,29
https://www.miomio.com.ua/uk/brand/l4k3,L4K3 — купити онлайн | MioMio,29
https://www.miomio.com.ua/uk/brands,Бренди | Mio Mio,16
https://www.miomio.com.ua/uk/brand/mou,MOU — купити онлайн | MioMio,28
https://www.miomio.com.ua/uk/info/woman,woman | MioMio,14
https://www.miomio.com.ua/uk/brand/ash,ASH — купити онлайн | MioMio,28
https://www.miomio.com.ua/ru/brand/add,ADD — купить онлайн | MioMio,28