Address,Title 1
https://www.miomio.com.ua/uk/product/shorty-zhinochi,EA7 Emporio Armani Шорти жіночі арт. 7W000164 | MioMio
https://www.miomio.com.ua/uk/product/shorty-zhinochi-ea7-emporio-armani-7w000164,EA7 Emporio Armani Шорти жіночі арт. 7W000164 | MioMio
https://www.miomio.com.ua/ru/product/baletki-pas-de-rouge-2174,MioMio Балетки Pas de Rouge арт. 2174 | MioMio
https://www.miomio.com.ua/uk/product/baletky-pas-de-rouge-2174,MioMio Балетки Pas de Rouge арт. 2174 | MioMio
https://www.miomio.com.ua/ru/info/woman,woman | MioMio
https://www.miomio.com.ua/uk/info/woman,woman | MioMio
https://www.miomio.com.ua/ru/product/panama-ea7-emporio-armani,Аксесуари EA7 Emporio Armani Панама арт. 244700 | MioMio
https://www.miomio.com.ua/uk/product/panama-ea7-emporio-armani-244700,Аксесуари EA7 Emporio Armani Панама арт. 244700 | MioMio
https://www.miomio.com.ua/ru/product/kepka-kenzo-graphy,Аксесуари Kenzo Кепка GRAPHY арт. 5AC101 | MioMio
https://www.miomio.com.ua/uk/product/kepka-kenzo-graphy-5ac101,Аксесуари Kenzo Кепка GRAPHY арт. 5AC101 | MioMio
https://www.miomio.com.ua/uk/product/kepka-kenzo-kenzo-5ac901,Аксесуари Kenzo Кепка арт. 5AC901 | MioMio
https://www.miomio.com.ua/ru/product/kepka-kenzo-5ac901,Аксесуари Kenzo Кепка арт. 5AC901 | MioMio
https://www.miomio.com.ua/ru/product/baletki-h-estia-venezia-1677,Балетки та мокасини H'estia di Venezia Балетки арт. 1677 | MioMio
https://www.miomio.com.ua/uk/product/baletky-h-estia-venezia-1677,Балетки та мокасини H'estia di Venezia Балетки арт. 1677 | MioMio
https://www.miomio.com.ua/ru/product/baletki-h-estia-venezia-h-estia-di-venezia-8804,Балетки та мокасини H'estia di Venezia Балетки арт. 8804 | MioMio
https://www.miomio.com.ua/uk/product/baletky-h-estia-venezia-h-estia-di-venezia-8804,Балетки та мокасини H'estia di Venezia Балетки арт. 8804 | MioMio
https://www.miomio.com.ua/ru/product/baletki-cheshki-h-estia-venezia-8923,Балетки та мокасини H'estia di Venezia Балетки-чешки арт. 8923 | MioMio
https://www.miomio.com.ua/uk/product/baletky-cheshky-h-estia-venezia-8923,Балетки та мокасини H'estia di Venezia Балетки-чешки арт. 8923 | MioMio
https://www.miomio.com.ua/ru/product/baletki-tod-s-6y6oie7,Балетки та мокасини MioMio Балетки TOD'S арт. 6Y6OIE7 | MioMio
https://www.miomio.com.ua/uk/product/baletky-tod-s-6y6oie7,Балетки та мокасини MioMio Балетки TOD'S арт. 6Y6OIE7 | MioMio
https://www.miomio.com.ua/ru/product/sabo-halmanera-tori,Босоніжки Halmanera Сабо TORI арт. TORI38 | MioMio
https://www.miomio.com.ua/uk/product/sabo-halmanera-tori-tori38,Босоніжки Halmanera Сабо TORI арт. TORI38 | MioMio
https://www.miomio.com.ua/uk/product/bosonozhky-menghi-813,Босоніжки Menghi Босоножки арт. 813 | MioMio
https://www.miomio.com.ua/ru/product/bosonozhki-menghi-813,Босоніжки Menghi Босоножки арт. 813 | MioMio
https://www.miomio.com.ua/ru/info/delivery,Доставка | MioMio
https://www.miomio.com.ua/uk/info/delivery,Доставка | MioMio
https://www.miomio.com.ua/ru/product/baletki-agl-ceramic-840001,Жіноче взуття AGL Балетки Ceramic арт. 840001 | MioMio
https://www.miomio.com.ua/uk/product/baletky-agl-ceramic-840001,Жіноче взуття AGL Балетки Ceramic арт. 840001 | MioMio
https://www.miomio.com.ua/ru/product/baletki-agl-milly-544039,Жіноче взуття AGL Балетки Milly арт. 544039 | MioMio
https://www.miomio.com.ua/uk/product/baletky-agl-milly-544039,Жіноче взуття AGL Балетки Milly арт. 544039 | MioMio
https://www.miomio.com.ua/ru/product/mokasini-agl-ceramic-840005,Жіноче взуття AGL Мокасини Ceramic арт. 840005 | MioMio
https://www.miomio.com.ua/uk/product/mokasyny-agl-ceramic-840005,Жіноче взуття AGL Мокасини Ceramic арт. 840005 | MioMio
https://www.miomio.com.ua/ru/product/dutiki-uggi-ash-jewel-boots-136332,Жіноче взуття ASH Дутики-угги Jewel Boots арт. 136332 | MioMio
https://www.miomio.com.ua/uk/product/dutyky-uggy-ash-jewel-boots-136332,Жіноче взуття ASH Дутики-угги Jewel Boots арт. 136332 | MioMio
https://www.miomio.com.ua/ru/product/baletki-ballerina-1-23,Жіноче взуття Ballerina Балетки арт. 1-23 | MioMio
https://www.miomio.com.ua/uk/product/baletky-ballerina-1-23,Жіноче взуття Ballerina Балетки арт. 1-23 | MioMio
https://www.miomio.com.ua/uk/product/baletky-ballerina-218-b33,Жіноче взуття Ballerina Балетки арт. 218-B33 | MioMio
https://www.miomio.com.ua/ru/product/baletki-ballerina-218-b33,Жіноче взуття Ballerina Балетки арт. 218-B33 | MioMio
https://www.miomio.com.ua/uk/product/baletky-bally-dorella,Жіноче взуття Bally Балетки Dorella арт. Dorella | MioMio
https://www.miomio.com.ua/ru/product/baletki-bally-dorella,Жіноче взуття Bally Балетки Dorella арт. Dorella | MioMio
https://www.miomio.com.ua/uk/product/tufli-chovnyky-casadei-blade-bezhevi-1f161-beige,Жіноче взуття Casadei Туфлі-човники Blade бежеві арт. 1F161 -beige | MioMio
https://www.miomio.com.ua/uk/product/tufli-chovnyky-blade-bezhevi,Жіноче взуття Casadei Туфлі-човники Blade бежеві арт. 1F161 -beige | MioMio
https://www.miomio.com.ua/uk/product/cherevyky-zhinochi-18262-sir,Жіноче взуття Elena Черевики жіночі сір арт. 18262 | MioMio
https://www.miomio.com.ua/uk/product/cherevyky-zhinochi-elena-18262chor-18262,Жіноче взуття Elena Черевики жіночі сір арт. 18262 | MioMio
https://www.miomio.com.ua/ru/product/sabo-fabio-rusconi-solaia,Жіноче взуття Fabio Rusconi Сабо SOLAIA арт. SOLAIA | MioMio
https://www.miomio.com.ua/uk/product/sabo-fabio-rusconi-fabio-rusconi-solaia,Жіноче взуття Fabio Rusconi Сабо SOLAIA арт. SOLAIA | MioMio
https://www.miomio.com.ua/ru/product/baletki-fratelli-rossetti-66887,Жіноче взуття Fratelli Rossetti Балетки арт. 66887 | MioMio
https://www.miomio.com.ua/uk/product/baletky-fratelli-rossetti-66887,Жіноче взуття Fratelli Rossetti Балетки арт. 66887 | MioMio
https://www.miomio.com.ua/ru/product/baletki-fru-it-4602,Жіноче взуття Fru.it Балетки арт. 4602 | MioMio
https://www.miomio.com.ua/uk/product/baletky-fru-it-4602,Жіноче взуття Fru.it Балетки арт. 4602 | MioMio
https://www.miomio.com.ua/ru/product/sabo-furla-piuma,Жіноче взуття Furla Сабо Piuma арт. YE084NL | MioMio
https://www.miomio.com.ua/uk/product/sabo-furla-piuma-ye084nl,Жіноче взуття Furla Сабо Piuma арт. YE084NL | MioMio
https://www.miomio.com.ua/uk/product/botforty-gianmarco-lorenzi-a6d701594,Жіноче взуття Gianmarco Lorenzi Ботфорты арт. a6d701594 | MioMio
https://www.miomio.com.ua/ru/product/botforty-gianmarco-lorenzi,Жіноче взуття Gianmarco Lorenzi Ботфорты арт. a6d701594 | MioMio
https://www.miomio.com.ua/ru/product/baletki-helena-soretti-9083,Жіноче взуття Helena Soretti Балетки арт. 9083 | MioMio
https://www.miomio.com.ua/uk/product/baletky-helena-soretti-9083,Жіноче взуття Helena Soretti Балетки арт. 9083 | MioMio
https://www.miomio.com.ua/ru/product/sabo-kennelschmenger,Жіноче взуття Kennel&Schmenger Сабо арт. 38020 | MioMio
https://www.miomio.com.ua/uk/product/sabo-kennelschmenger-38020,Жіноче взуття Kennel&Schmenger Сабо арт. 38020 | MioMio
https://www.miomio.com.ua/uk/product/bosonozhky-menghi-708,Жіноче взуття Menghi Босоножки арт. 708 | MioMio
https://www.miomio.com.ua/ru/product/bosonozhki-menghi-708,Жіноче взуття Menghi Босоножки арт. 708 | MioMio
https://www.miomio.com.ua/ru/product/baletki-pas-de-rouge-1638,Жіноче взуття Pas de Rouge Балетки арт. 1638 | MioMio
https://www.miomio.com.ua/uk/product/baletky-pas-de-rouge-1638,Жіноче взуття Pas de Rouge Балетки арт. 1638 | MioMio
https://www.miomio.com.ua/ru/product/baletki-pas-de-rouge-1639,Жіноче взуття Pas de Rouge Балетки арт. 1639 | MioMio
https://www.miomio.com.ua/uk/product/baletky-pas-de-rouge-1639,Жіноче взуття Pas de Rouge Балетки арт. 1639 | MioMio
https://www.miomio.com.ua/ru/product/baletki-vic-matie-3560,Жіноче взуття Vic Matie Балетки арт. 3560 | MioMio
https://www.miomio.com.ua/uk/product/baletky-vic-matie-3560,Жіноче взуття Vic Matie Балетки арт. 3560 | MioMio
https://www.miomio.com.ua/ru/product/sabo-vic-matie-slash,Жіноче взуття Vic Matie Сабо Slash арт. 7050 | MioMio
https://www.miomio.com.ua/uk/product/sabo-vic-matie-slash-7050,Жіноче взуття Vic Matie Сабо Slash арт. 7050 | MioMio
https://www.miomio.com.ua/ru/product/sabo-vic-matie-swan,Жіноче взуття Vic Matie Сабо SWAN арт. 1602 | MioMio
https://www.miomio.com.ua/uk/product/sabo-vic-matie-swan-1602,Жіноче взуття Vic Matie Сабо SWAN арт. 1602 | MioMio
https://www.miomio.com.ua/ru/product/klatch-baldinini-sarah,Клатчи Baldinini Клатч арт. Sarah 002 | MioMio
https://www.miomio.com.ua/uk/product/klatch-baldinini-sarah-sarah-002,Клатчи Baldinini Клатч арт. Sarah 002 | MioMio
https://www.miomio.com.ua/ru/product/zhinochi-litni-krosivky-voile-blanche-9906,Кросівки та кеди Voile Blanche Жіночі літні кросівки PLAY SNEAK арт. 9906 | MioMio
https://www.miomio.com.ua/uk/product/zhinochi-litni-krosivky-voile-blanche-9906,Кросівки та кеди Voile Blanche Жіночі літні кросівки PLAY SNEAK арт. 9906 | MioMio
https://www.miomio.com.ua/uk/woman/zhinochi-aksesuary,Купити Аксесуари для жінок | MioMio
https://www.miomio.com.ua/uk/woman/aksesuary,Купити Аксесуари для жінок | MioMio
https://www.miomio.com.ua/uk/woman/golovni-ubory-zhinochi,Купити Головні убори для жінок | MioMio
https://www.miomio.com.ua/uk/woman/golovni-ubory,Купити Головні убори для жінок | MioMio
https://www.miomio.com.ua/uk/woman/zhinochyj-odyag,Купити Жіночий одяг для жінок | MioMio
https://www.miomio.com.ua/uk/woman/odyag,Купити Жіночий одяг для жінок | MioMio
https://www.miomio.com.ua/uk/woman/pidzhaky-zhinochi,Купити Піджаки для жінок | MioMio
https://www.miomio.com.ua/uk/woman/pidzhaky,Купити Піджаки для жінок | MioMio
https://www.miomio.com.ua/uk/woman/sportyvni-kostyumy-zhinochi,Купити Спортивні костюми для жінок | MioMio
https://www.miomio.com.ua/uk/woman/sportyvni-kostyumy,Купити Спортивні костюми для жінок | MioMio
https://www.miomio.com.ua/uk/woman/shlopanci-ta-vyetnamki,Купити Шльопанці та в'єтнамки для жінок | MioMio
https://www.miomio.com.ua/uk/woman/shlopanci-ta-vyetnamky,Купити Шльопанці та в'єтнамки для жінок | MioMio
https://www.miomio.com.ua/uk/woman/shtany-ta-bryuky-zhinochi,Купити Штани та брюки для жінок | MioMio
https://www.miomio.com.ua/uk/woman/shtany-ta-bryuky,Купити Штани та брюки для жінок | MioMio
https://www.miomio.com.ua/uk/product/atlasna-kurtka-bomber,Одяг EA7 Emporio Armani Атласна куртка-бомбер арт. 7W000483 | MioMio
https://www.miomio.com.ua/uk/product/atlasna-kurtka-bomber-ea7-emporio-armani-7w000483,Одяг EA7 Emporio Armani Атласна куртка-бомбер арт. 7W000483 | MioMio
https://www.miomio.com.ua/ru/product/sabo-angelo-bervicato-4412,Сабо та мюлі Bervicato Сабо Angelo арт. 4412 | MioMio
https://www.miomio.com.ua/uk/product/sabo-angelo-bervicato-bervicato-4412,Сабо та мюлі Bervicato Сабо Angelo арт. 4412 | MioMio
https://www.miomio.com.ua/ru/product/sabo-casadei-1m640,Сабо та мюлі Casadei Сабо арт. 1M640 | MioMio
https://www.miomio.com.ua/uk/product/sabo-casadei-casadei-1m640,Сабо та мюлі Casadei Сабо арт. 1M640 | MioMio
https://www.miomio.com.ua/ru/product/sabo-furla,Сабо та мюлі Furla Сабо арт. YE03FCD | MioMio
https://www.miomio.com.ua/uk/product/sabo-furla-ye03fcd,Сабо та мюлі Furla Сабо арт. YE03FCD | MioMio
https://www.miomio.com.ua/uk/product/sabo-halmanera-halmanera-eva07,Сабо та мюлі Halmanera Сабо арт. EVA07 | MioMio
https://www.miomio.com.ua/ru/product/sabo-halmanera-eva07,Сабо та мюлі Halmanera Сабо арт. EVA07 | MioMio
https://www.miomio.com.ua/ru/product/sabo-paloma-barcelo-odile,Сабо та мюлі Paloma Barcelo Сабо ODILE арт. ODILE | MioMio
https://www.miomio.com.ua/uk/product/sabo-paloma-barcelo-paloma-barcelo-odile,Сабо та мюлі Paloma Barcelo Сабо ODILE арт. ODILE | MioMio
https://www.miomio.com.ua/ru/product/dzhemper-polo-bikkembergs-tonkij-pbmm0006,Светри та джемпери Bikkembergs Джемпер-поло тонкий арт. PBMM0006 | MioMio
https://www.miomio.com.ua/uk/product/dzhemper-polo-bikkembergs-tonkyj-pbmm0006,Светри та джемпери Bikkembergs Джемпер-поло тонкий арт. PBMM0006 | MioMio
https://www.miomio.com.ua/ru/product/sarafan-ea7,Сукні та сарафани EA7 Emporio Armani Сарафан арт. 262483фіолет | MioMio
https://www.miomio.com.ua/uk/product/sarafan-ea7-262483,Сукні та сарафани EA7 Emporio Armani Сарафан арт. 262483фіолет | MioMio
https://www.miomio.com.ua/ru/product/sarafan-just-cavalli,Сукні та сарафани Just Cavalli Сарафан арт. 76PAO929 | MioMio
https://www.miomio.com.ua/uk/product/sarafan-just-cavalli-76pao929,Сукні та сарафани Just Cavalli Сарафан арт. 76PAO929 | MioMio
https://www.miomio.com.ua/ru/product/sumka-just-cavalli-75ra4be3-braun,Сумки Just Cavalli Коричнева сумка арт. 75RA4BE3-braun | MioMio
https://www.miomio.com.ua/uk/product/korychneva-sumka-just-cavalli-75ra4be3-braun,Сумки Just Cavalli Коричнева сумка арт. 75RA4BE3-braun | MioMio
https://www.miomio.com.ua/ru/product/shoper-karl-lagerfeld-rue-st-guillaume,Сумки Karl Lagerfeld Шопер RUE ST-GUILLAUME арт. 50010 | MioMio
https://www.miomio.com.ua/uk/product/shoper-karl-lagerfeld-rue-st-guillaume-50010,Сумки Karl Lagerfeld Шопер RUE ST-GUILLAUME арт. 50010 | MioMio
https://www.miomio.com.ua/ru/product/sumka-my-best-bag-madison-taup,Сумки My Best Bag Firenze Сумка My Best Bag MADISON тауп арт. MADISON midi-taup | MioMio
https://www.miomio.com.ua/uk/product/sumka-my-best-bag-madison-taup-madison-midi-taup,Сумки My Best Bag Firenze Сумка My Best Bag MADISON тауп арт. MADISON midi-taup | MioMio
https://www.miomio.com.ua/ru/product/sumka-my-best-bag-new-ingrid,Сумки My Best Bag Firenze Сумка My Best Bag NEW INGRID арт. NEW INGRID-bronze | MioMio
https://www.miomio.com.ua/uk/product/sumka-my-best-bag-new-ingrid-new-ingrid-bronze,Сумки My Best Bag Firenze Сумка My Best Bag NEW INGRID арт. NEW INGRID-bronze | MioMio
https://www.miomio.com.ua/ru/product/sumka-vic-matie-0760,Сумки Vic Matie Сумка арт. 0760 | MioMio
https://www.miomio.com.ua/uk/product/sumka-vic-matie-vic-matie-0760,Сумки Vic Matie Сумка арт. 0760 | MioMio
https://www.miomio.com.ua/ru/product/futbolka-zhinocha-just-cavalli-chorna-75pahg06,Футболки Just Cavalli Футболка жіноча чорна арт. 75PAHG06 | MioMio
https://www.miomio.com.ua/uk/product/futbolka-zhinocha-just-cavalli-chorna-just-cavalli-75pahg06,Футболки Just Cavalli Футболка жіноча чорна арт. 75PAHG06 | MioMio
https://www.miomio.com.ua/ru/product/bryuki-palacco-just-cavalli-76paa120,Штани та брюки Just Cavalli Брюки-палаццо арт. 76PAA120 | MioMio
https://www.miomio.com.ua/uk/product/bryuky-palacco-just-cavalli-76paa120,Штани та брюки Just Cavalli Брюки-палаццо арт. 76PAA120 | MioMio
https://www.miomio.com.ua/ru/product/bryuki-liviana-conti-brian-f5wn39,Штани та брюки Liviana Conti Брюки BRIAN арт. F5WN39 | MioMio
https://www.miomio.com.ua/uk/product/bryuky-liviana-conti-brian-f5wn39,Штани та брюки Liviana Conti Брюки BRIAN арт. F5WN39 | MioMio
https://www.miomio.com.ua/ru/product/bryuki-liviana-conti-ethan-f5wi40,Штани та брюки Liviana Conti Брюки ETHAN арт. F5WI40 | MioMio
https://www.miomio.com.ua/uk/product/bryuky-liviana-conti-ethan-f5wi40,Штани та брюки Liviana Conti Брюки ETHAN арт. F5WI40 | MioMio